Date,P10_Production_bbl,P10_Revenue_USD,P10_Cumulative_Revenue_USD,P50_Production_bbl,P50_Revenue_USD,P50_Cumulative_Revenue_USD,P90_Production_bbl,P90_Revenue_USD,P90_Cumulative_Revenue_USD
2025-01-01,11240275.613353861,844144698.5628749,844144698.5628749,9001103.332271524,675982860.2535914,675982860.2535914,7147921.650323395,536808915.9392869,536808915.9392869
2025-02-01,6566711.299363403,493160018.5821915,1337304717.1450665,4991050.424794833,374827886.9020919,1050810747.1556833,3782660.812059418,284077826.9856623,820886742.9249492
2025-03-01,4442490.270857011,322569218.56692755,1659873935.7119942,3241008.0247734603,235329592.67880094,1286140339.834484,2357761.8116453476,171197085.1435687,992083828.0685179
2025-04-01,3195167.552585795,230627193.9456427,1890501129.657637,2278195.987417206,164440186.37177396,1450580526.206258,1608880.3642197421,116128984.689381,1108212812.7578988
2025-05-01,2409853.4164801785,172569603.15414557,2063070732.8117824,1689367.2144782806,120975586.22878967,1571556112.4350476,1173149.3789122165,84009227.02390382,1192222039.7818027
2025-06-01,1899222.8893900951,134844825.14669675,2197915557.958479,1315384.0787713514,93392269.59276594,1664948382.0278137,908299.3359113858,64489252.84970839,1256711292.631511
2025-07-01,1559427.2487260909,101737033.70689017,2299652591.665369,1067845.012069086,69666208.58738717,1734614590.6152008,733225.8606684839,47835655.15001188,1304546947.7815228
2025-08-01,1321626.4524267565,86222909.7563216,2385875501.4216905,896273.9224218744,58472910.69880308,1793087501.314004,610289.9056208645,39815313.44270519,1344362261.224228
2025-09-01,1147709.072211356,73246792.98852873,2459122294.410219,772573.065433,49305613.03593406,1842393114.349938,521169.7397626234,33261052.791650623,1377623314.0158784
2025-10-01,1015781.9570010725,63709844.34310726,2522832138.7533264,678942.2874808863,42583260.27080119,1884976374.620739,453088.9120727664,28417736.56520391,1406041050.5810823
2025-11-01,913535.296777148,56675729.81205426,2579507868.5653806,605180.8410120722,37545419.37638896,1922521793.997128,399746.59060636704,24800278.481219012,1430841329.0623014
2025-12-01,830445.8562730087,51196987.03923099,2630704855.6046114,545821.5233208718,33649896.912731744,1956171690.9098597,356651.7475378961,21987580.235711295,1452828909.2980127
2026-01-01,762400.8908218886,46872406.76772971,2677577262.372341,496739.6804786241,30539555.55582581,1986711246.4656854,321539.2784698351,19768234.840325464,1472597144.138338
2026-02-01,705084.2213025368,43306272.87240181,2720883535.244743,455850.08635467343,27998312.30390404,2014709558.7695894,292559.8286759599,17969024.677277457,1490566168.8156157
2026-03-01,656250.9712127273,40293809.63246145,2761177344.8772044,420682.8218079931,25829925.259010777,2040539484.0286002,267855.25705861766,16446312.783399124,1507012481.5990148
2026-04-01,613259.7772409988,37660282.92036974,2798837627.797574,390637.92759996664,23989075.13391395,2064528559.1625142,246597.83604308593,15143573.111405905,1522156054.7104206
2026-05-01,575907.8351320287,35389536.46886317,2834227164.266437,364400.5418851424,22392413.298842,2086920972.4613562,228432.63202039906,14037185.237653524,1536193239.948074
2026-06-01,543414.2195202385,33414540.358299464,2867641704.6247363,341648.85509356286,21007988.09970318,2107928960.5610592,212322.79230292104,13055728.498706615,1549248968.4467807
2026-07-01,514086.98756024597,31616349.73495513,2899258054.3596916,321285.45176488074,19759055.283540167,2127688015.8445995,198381.4190738671,12200457.273042826,1561449425.7198236
2026-08-01,488399.43992953654,30041449.550065793,2929299503.9097576,303204.6710473823,18650119.316124484,2146338135.160724,186041.82807184485,11443432.844699176,1572892858.5645227
2026-09-01,465466.5163326847,28640154.749950092,2957939658.6597075,287164.6448636575,17669240.598460846,2164007375.759185,175061.46666077228,10771532.043637319,1583664390.60816
2026-10-01,444195.13332735276,27349094.35896511,2985288753.0186725,272769.7974183866,16794436.427050065,2180801812.186235,165135.0035742299,10167362.170065334,1593831752.7782254
2026-11-01,425480.26109292236,26226603.293767735,3011515356.3124404,259688.21533802545,16007181.59343589,2196808993.7796707,156168.74947851757,9626241.717855822,1603457994.4960814
2026-12-01,408194.696845823,25185612.795387283,3036700969.1078277,247713.35957446008,15283914.285744186,2212092908.065415,148178.82129934683,9142633.2741697,1612600627.770251
2027-01-01,392420.72931076627,24216283.205767386,3060917252.313595,236918.14275965115,14620218.589698073,2226713126.6551127,140893.84489735102,8694559.168615531,1621295186.9388666
2027-02-01,377696.7285351434,23315219.052474402,3084232471.3660693,226967.6499389431,14010713.030730957,2240723839.6858435,134270.44733254766,8288514.713838167,1629583701.6527047
2027-03-01,364159.0896607734,22490465.377449363,3106722936.743519,217852.75611739184,13454586.217810119,2254178425.9036536,128173.7491857383,7916010.749711197,1637499712.402416
2027-04-01,351385.380811657,21722644.241776634,3128445580.9852953,209459.19499760645,12948767.43475203,2267127193.3384056,122673.74104486333,7583690.671393451,1645083403.0738094
2027-05-01,339818.3658295952,21038155.028510235,3149483736.0138054,201630.55246406465,12482947.503050242,2279610140.841456,117555.12103403633,7277837.543217189,1652361240.6170266
2027-06-01,328793.14966515877,20381887.34774319,3169865623.3615484,194402.9081332723,12051036.27518155,2291661177.1166377,112851.56107616202,6995668.271111283,1659356908.8881378
2027-07-01,318791.2737694079,19768246.88644098,3189633870.247989,187706.85413248703,11639702.02475552,2303300879.141393,108416.46912437522,6722905.250402507,1666079814.1385403
2027-08-01,309207.28993666166,19180128.194771122,3208813998.4427605,181406.51825482622,11252646.32734687,2314553525.46874,104372.85660703495,6474248.295334378,1672554062.4338746
2027-09-01,300341.6092090365,18645207.099696986,3227459205.5424576,175574.92120142974,10899691.108184759,2325453216.576925,100610.00798416258,6245869.295656813,1678799931.7295315
2027-10-01,291879.27983055287,18137378.448670555,3245596583.991128,170033.27834746358,10565867.916511387,2336019084.4934363,97067.44557090165,6031771.067775829,1684831702.7973073
2027-11-01,283925.92778083775,17665871.226523723,3263262455.217652,164826.65410179147,10255514.418213464,2346274598.9116497,93699.02161979847,5829953.125183861,1690661655.922491
2027-12-01,276452.61024401244,17214704.039894655,3280477159.2575464,159945.8626514763,9959828.867307428,2356234427.7789574,90576.83839293143,5640219.7267278405,1696301875.6492188
2028-01-01,269490.56663659203,16781177.584460586,3297258336.842007,155372.10507412002,9675020.982965454,2365909448.761923,87624.96377520578,5456406.494282064,1701758282.1435008
2028-02-01,262952.95101246034,16381968.848076278,3313640305.6900835,150901.1941651849,9401144.396491019,2375310593.158414,84862.62874533302,5286941.770834247,1707045223.914335
2028-03-01,256561.45130629113,15994040.87443419,3329634346.5645175,146845.6638828416,9154358.686456345,2384464951.84487,82256.49364498627,5127869.813828444,1712173093.7281635
2028-04-01,250583.70244325406,15631411.358410189,3345265757.922928,142946.17516171644,8916982.406587873,2393381934.251458,79823.12744622961,4979366.690095804,1717152460.4182594
2028-05-01,244834.26433860086,15287451.465302236,3360553209.3882303,139301.74122110335,8698000.721845692,2402079934.973304,77473.2379124965,4837428.975256281,1721989889.3935156
2028-06-01,239497.59024289143,14963809.438375855,3375517018.8266063,135820.67466676302,8486075.753179353,2410566010.7264833,75215.8594653569,4699486.899395499,1726689376.292911
2028-07-01,234262.4762041776,14634376.888474975,3390151395.715081,132495.16174535925,8276972.754232592,2418842983.4807158,73152.66139076825,4569846.757081293,1731259223.0499923
2028-08-01,229292.23807414714,14179432.00250526,3404330827.7175865,129383.73270962687,8001090.030763326,2426844073.511479,71196.43552781174,4402787.573039878,1735662010.623032
2028-09-01,224584.09776195555,13901755.651465049,3418232583.3690515,126333.41961632171,7820038.674250314,2434664112.185729,69331.60812342894,4291626.542840252,1739953637.1658723
2028-10-01,220234.61908855708,13652344.037299654,3431884927.406351,123524.69685393112,7657295.95797519,2442321408.1437044,67583.54841798487,4189504.166430882,1744143141.3323033
2028-11-01,215861.72309091486,13400695.769483995,3445285623.175835,120797.04599618838,7499080.615443374,2449820488.7591476,65880.24000715358,4089845.2996440944,1748232986.6319473
2028-12-01,211710.85538909835,13132424.359785771,3458418047.5356207,118188.64476345562,7331241.634677152,2457151730.3938246,64299.30285762927,3988485.756258744,1752221472.388206
2029-01-01,207807.6997970686,12927717.004375638,3471345764.539996,115716.40351275243,7198717.462528328,2464350447.856353,62737.492414319946,3902899.403094844,1756124371.7913008
2029-02-01,203999.48213215632,12690807.783441445,3484036572.3234377,113277.36020579653,7046984.578402602,2471397432.4347553,61228.64725287463,3809034.145601331,1759933405.936902
2029-03-01,200420.09071380558,12476150.646934398,3496512722.970372,110962.83854589707,6907436.699482093,2478304869.1342373,59833.55619213084,3724638.8729601447,1763658044.8098621
2029-04-01,196925.9049646718,12270453.1383487,3508783176.108721,108787.94516518654,6778576.863242773,2485083445.99748,58477.095741757774,3643707.835668927,1767301752.6455312
2029-05-01,193615.14830826377,12079649.102952577,3520862825.2116733,106653.81868544569,6654131.747784956,2491737577.745265,57158.96072119433,3566147.559395314,1770867900.2049265
2029-06-01,190461.00585869674,11890480.595758436,3532753305.8074317,104603.26351679924,6530381.741353776,2498267959.486619,55919.45742444068,3491051.727007832,1774358951.9319344
2029-07-01,187242.96001561772,11685833.134574702,3544439138.9420066,102644.38963300597,6406036.356995902,2504673995.843615,54748.86543682196,3416876.6919120583,1777775828.6238465
2029-08-01,184220.8702285262,11500908.928366892,3555940047.8703732,100689.93476445525,6286072.627344941,2510960068.47096,53602.77588456056,3346421.2984731155,1781122249.9223197
2029-09-01,181335.49545974677,11322588.336506588,3567262636.2068796,98832.73474184702,6171115.957280927,2517131184.4282413,52514.45684015711,3279002.68509941,1784401252.607419
2029-10-01,178542.18302928415,11158886.43933026,3578421522.6462097,97108.8227191915,6069301.419949469,2523200485.848191,51442.619343388105,3215163.7089617564,1787616416.3163807
2029-11-01,175898.7377432047,11004225.033214886,3589425747.679425,95432.67603970176,5970268.213043743,2529170754.0612345,50450.996772750506,3156214.3581032716,1790772630.674484
2029-12-01,173179.13947655656,10842745.922627207,3600268493.6020517,93783.07522124285,5871758.339602015,2535042512.4008365,49445.716622209446,3095796.3177165333,1793868426.9922006
2030-01-01,170634.0778255193,10679986.931099255,3610948480.533151,92246.3254236902,5773697.50826877,2540816209.9091053,48507.34202487026,3036074.53733663,1796904501.5295372
2030-02-01,168090.9284695063,10520811.2129064,3621469291.7460575,90700.66694271074,5676954.743944266,2546493164.6530495,47615.823347806785,2980274.3833392267,1799884775.9128764
2030-03-01,165779.6266204878,10379462.42270874,3631848754.168766,89280.37218267766,5589844.102357448,2552083008.755407,46718.021048409246,2925015.297840903,1802809791.2107172
2030-04-01,163432.30636309198,10240668.316711342,3642089422.4854774,87867.39480133174,5505770.9582514465,2557588779.7136583,45899.91162367811,2876088.4623396704,1805685879.6730568
2030-05-01,161207.23449395623,10107693.602771057,3652197116.0882487,86471.08611409087,5421737.099353498,2563010516.8130116,45081.668099752154,2826620.58985446,1808512500.2629113
2030-06-01,159101.2235484495,9983601.777665205,3662180717.865914,85193.75308367032,5345908.006000313,2568356424.819012,44312.68849994819,2780621.2033717493,1811293121.466283
2030-07-01,156991.2722489975,9846492.595457124,3672027210.461371,83875.01709093072,5260641.071943175,2573617065.8909554,43548.16813823248,2731341.1056299414,1814024462.571913
2030-08-01,154853.9591925124,9712440.320554378,3681739650.781925,82646.3449299555,5183578.75400681,2578800644.6449623,42817.29064699169,2685500.469379319,1816709963.0412924
2030-09-01,152916.14855824146,9590900.837572904,3691330551.6194983,81433.13130244859,5107485.995289575,2583908130.640252,42103.1127249032,2640707.2301059286,1819350670.2713983
2030-10-01,150932.35012270653,9466476.999696154,3700797028.6191945,80234.1336005787,5032284.859428296,2588940415.4996805,41406.068393277834,2596988.609626386,1821947658.8810246
2030-11-01,149002.71217550317,9345450.107647559,3710142478.726842,79079.88656325341,4959890.485247254,2593900305.9849277,40757.419927158684,2556305.3778313925,1824503964.258856
2030-12-01,147246.62717852803,9235308.456637278,3719377787.1834793,77973.73597995633,4890512.720662861,2598790818.7055907,40104.17090166028,2515333.5989521327,1827019297.857808
2031-01-01,145438.35780711117,9121893.801662013,3728499680.9851413,76910.77971326116,4823844.103615739,2603614662.8092065,39458.869295621786,2474860.2822213983,1829494158.1400294
2031-02-01,143697.3238756094,9012696.153478222,3737512377.1386194,75847.62765855617,4757163.206744643,2608371826.015951,38860.86428056538,2437353.4076770605,1831931511.5477066
2031-03-01,142084.43337016882,8911535.660976987,3746423912.7995963,74848.63593216168,4694506.445665181,2613066332.4616165,38277.696470519164,2400777.1226309617,1834332288.6703377
2031-04-01,140396.4618005274,8805666.084129078,3755229578.883725,73881.0312161604,4633818.277877579,2617700150.7394943,37704.89285345651,2364850.8797687925,1836697139.5501065
2031-05-01,138780.342748521,8704303.097187238,3763933881.980912,72919.32938703622,4573500.339154912,2622273651.078649,37149.6362706211,2330025.1868933556,1839027164.737
2031-06-01,137263.76964410985,8609183.63207857,3772543065.612991,72001.2316881192,4515917.251478836,2626789568.3301277,36610.07123197298,2296183.667669345,1841323348.4046693
2031-07-01,135825.20812274146,8518957.053458344,3781062022.666449,71059.21504824831,4456833.967826134,2631246402.297954,36067.46184982275,2262151.2072208826,1843585499.61189
2031-08-01,134318.01356694248,8424425.810918633,3789486448.477368,70178.0627375876,4401568.094901495,2635647970.3928556,35577.89946136767,2231445.8542169803,1845816945.4661071
2031-09-01,132826.92842166778,8330904.950607003,3797817353.4279747,69344.33192070205,4349276.498066433,2639997246.890922,35051.89952853788,2198455.1384298955,1848015400.604537
2031-10-01,131574.03133156482,8252323.245115746,3806069676.6730905,68487.14975321334,4295514.03252154,2644292760.923444,34592.964171612664,2169670.712843546,1850185071.3173807
2031-11-01,130155.49090045992,8163352.389276846,3814233029.0623674,67636.76485065583,4242177.891433134,2648534938.814877,34119.25657675653,2139959.7724941694,1852325031.0898747
2031-12-01,128871.8371030207,8082841.623101459,3822315870.6854687,66848.8292733664,4192758.5720255403,2652727697.386903,33658.09177555938,2111035.516163084,1854436066.6060379
2032-01-01,127580.31281252307,8001837.219601447,3830317707.9050703,66052.43236817459,4142808.55813191,2656870505.9450345,33226.70268779407,2083978.7925784444,1856520045.3986163
2032-02-01,126215.65039870793,7916245.593006961,3838233953.4980774,65300.052291152955,4095619.2797011132,2660966125.2247357,32780.31653585713,2055981.453128959,1858576026.8517454
2032-03-01,125085.35355966016,7845353.375261885,3846079306.873339,64570.77037974258,4049878.7182174544,2665016003.942953,32375.08456764431,2030565.3040826512,1860606592.155828
2032-04-01,123716.69374817036,7759511.031885245,3853838817.9052243,63852.40186037191,4004822.644682526,2669020826.5876355,31945.388623010364,2003614.77443521,1862610206.9302633
2032-05-01,122650.7700490159,7692656.297474277,3861531474.2026987,63136.55280576132,3959924.59197735,2672980751.1796126,31529.605671124067,1977536.8676929015,1864587743.7979562
2032-06-01,121411.9746551916,7614959.050373618,3869146433.2530723,62480.63071709446,3918785.1585761644,2676899536.3381886,31154.122194103496,1953986.5440141712,1866541730.3419704
2032-07-01,120208.81249461912,7539496.719662512,3876685929.972735,61771.129694790565,3874285.254457264,2680773821.592646,30773.866029852135,1930136.8773923258,1868471867.2193627
2032-08-01,119088.81773501865,7469250.64834037,3884155180.621075,61080.10463130892,3830944.1624756954,2684604765.7551217,30389.811033963062,1906048.9480501632,1870377916.167413
2032-09-01,118082.09954786579,7406109.283642142,3891561289.9047174,60417.91237230794,3789411.463991154,2688394177.219113,30021.861807644564,1882971.172575467,1872260887.3399885
2032-10-01,116978.44494238583,7336888.066786439,3898898177.9715037,59776.760516591465,3749198.4196006167,2692143375.6387134,29674.363559272762,1861176.0824375877,1874122063.422426
2032-11-01,115922.39138306708,7270652.3875459675,3906168830.35905,59172.89564533914,3711324.0148756704,2695854699.6535892,29317.041057501592,1838764.8151264999,1875960828.2375524
2032-12-01,114836.86508244656,7202568.177971048,3913371398.5370207,58557.98606056144,3672756.885718413,2699527456.5393076,28971.7950632494,1817110.9863670024,1877777939.2239194
2033-01-01,113804.40061691719,7137812.006693047,3920509210.5437136,57950.962818533284,3634684.3879784076,2703162140.927286,28632.988745182232,1795861.0540978296,1879573800.2780173
2033-02-01,112826.20591646753,7076459.635080843,3927585670.1787944,57358.16360920734,3597504.0215694844,2706759644.9488554,28311.49649373369,1775697.0600869772,1881349497.3381042
2033-03-01,111764.63782991256,7009878.084692116,3934595548.2634864,56798.857878359726,3562424.3661307218,2710322069.314986,27991.108738590876,1755602.3400844198,1883105099.6781886
2033-04-01,110852.11364668257,6952644.56791993,3941548192.831406,56233.422130272156,3526960.2360106697,2713849029.550997,27676.56057405602,1735873.8792047936,1884840973.5573933
2033-05-01,110000.2728392776,6899217.112479491,3948447409.943886,55715.592598694246,3494481.967790103,2717343511.518787,27371.261574541684,1716725.5259552544,1886557699.0833485
2033-06-01,109080.39744560063,6841522.527788071,3955288932.471674,55197.416643074066,3461981.9718536055,2720805493.4906406,27065.53705004322,1697550.4837787107,1888255249.5671272
2033-07-01,108192.9303380411,6785860.5908019375,3962074793.0624757,54639.44338468756,3426985.889087604,2724232479.3797283,26758.167959714017,1678272.2944332631,1889933521.8615606
2033-08-01,107330.73428138102,6731783.654128218,3968806576.7166038,54138.23734783302,3395550.246456087,2727628029.6261845,26486.906499157816,1661258.7756271781,1891594780.6371877
2033-09-01,106400.48495174128,6673438.416173213,3975480015.1327767,53618.53962457131,3362954.8052531127,2730990984.4314375,26205.335456269157,1643598.6398172015,1893238379.277005
2033-10-01,105522.526348043,6618372.852549257,3982098387.985326,53111.74937550568,3331168.920831716,2734322153.352269,25923.74231082261,1625937.117734794,1894864316.3947399
2033-11-01,104693.04851486869,6566348.002852564,3988664735.9881783,52636.21420936392,3301343.355211305,2737623496.7074804,25643.74211315462,1608375.5053370579,1896472691.9000769
2033-12-01,103834.43037545093,6512495.473148283,3995177231.4613266,52153.55636946316,3271071.055492729,2740894567.7629733,25395.03964888621,1592776.886778143,1898065468.786855
2034-01-01,103057.66796133618,6463776.934535005,4001641008.3958616,51670.23533204385,3240757.1600257903,2744135324.922999,25128.698515055137,1576071.9708642582,1899641540.7577193
2034-02-01,102276.30555124447,6414769.884174053,4008055778.2800355,51196.386559342725,3211037.3650019756,2747346362.288001,24870.570584583245,1559882.1870650612,1901201422.9447844
2034-03-01,101416.94825341261,6360870.994454039,4014416649.2744894,50756.72228634936,3183461.6217998317,2750529823.909801,24614.16828441785,1543800.6347986876,1902745223.5795832
2034-04-01,100732.31866456545,6317931.026641545,4020734580.301131,50296.82927236932,3154617.131963004,2753684441.041764,24373.870858276503,1528729.1802311023,1904273952.7598143
2034-05-01,99919.77518740953,6266968.299754325,4027001548.600885,49876.46364750467,3128251.799971493,2756812692.8417354,24138.854679140884,1513988.9654757162,1905787941.72529
2034-06-01,99168.038628808,6219819.3827988375,4033221367.9836836,49434.30859201171,3100519.834890974,2759913212.676626,23901.087168116934,1499076.187184294,1907287017.9124744
2034-07-01,98446.82560847605,6174584.902163617,4039395952.885847,49045.40065116891,3076127.528841314,2762989340.2054677,23666.999549203116,1484394.2117260194,1908771412.1242003
2034-08-01,97702.85780859806,6127923.2417552695,4045523876.1276026,48624.42274373767,3049723.7944872263,2766039063.9999547,23438.98723665982,1470093.279483304,1910241505.4036837
2034-09-01,97043.91522524352,6086594.362927273,4051610470.49053,48214.00652833351,3023982.489457078,2769063046.489412,23226.38441057072,1456758.8302309955,1911698264.2339146
2034-10-01,96323.52634683,6041411.572473178,4057651882.063003,47826.088107149815,2999652.2460804363,2772062698.735492,23010.485647553458,1443217.6598145529,1913141481.8937292
2034-11-01,95634.28258665283,5998182.203834865,4063650064.266838,47440.12034862268,2975444.3482656144,2775038143.083758,22780.069345983124,1428765.9493800616,1914570247.8431094
2034-12-01,94923.6534390326,5953611.543696124,4069603675.810534,47031.018272587135,2949785.466056665,2777987928.5498147,22563.137224663114,1415159.9667308705,1915985407.8098402
2035-01-01,94264.40066466667,5912263.209687893,4075515939.0202217,46644.22358576073,2925525.703298913,2780913454.2531137,22358.471257307094,1402323.317258301,1917387731.1270986
2035-02-01,93621.05580906464,5871912.620344534,4081387851.6405663,46283.753757309336,2902917.0356584415,2783816371.288772,22172.69839619949,1390671.643409632,1918778402.7705083
2035-03-01,92947.05981171173,5829639.591390559,4087217491.231957,45908.259653560744,2879366.0454713297,2786695737.3342433,21969.37693780081,1377919.3215388667,1920156322.0920472
2035-04-01,92318.70482976017,5790229.166922558,4093007720.3988795,45549.35134530855,2856855.316377752,2789552592.650621,21754.678225109503,1364453.418278868,1921520775.5103261
2035-05-01,91810.40305360996,5758348.479522416,4098766068.8784018,45223.13724871485,2836395.168239395,2792388987.8188605,21565.56400087608,1352592.1741349476,1922873367.684461
2035-06-01,91144.3114597948,5716571.21475833,4104482640.09316,44883.686225714184,2815104.8000767934,2795204092.6189375,21377.761721602074,1340813.215178882,1924214180.89964
2035-07-01,90582.64178840976,5681343.29296906,4110163983.3861294,44538.4197386024,2793449.6860051425,2797997542.3049426,21171.3231423593,1327865.3874887752,1925542046.287129
2035-08-01,89936.57221058066,5640821.809047619,4115804805.195177,44189.69877478457,2771577.9071544884,2800769120.212097,20988.638151744864,1316407.384877438,1926858453.6720064
2035-09-01,89334.68616747977,5603071.516424331,4121407876.7116013,43851.691367605286,2750378.0825762036,2803519498.2946734,20821.582949276533,1305929.6825786242,1928164383.354585
2035-10-01,88695.49192496255,5562981.253533651,4126970857.965135,43527.28497759125,2730031.313794523,2806249529.608468,20643.016682896232,1294730.0063512516,1929459113.3609362
2035-11-01,88131.04784942207,5527579.321115753,4132498437.286251,43208.64951786882,2710046.497760732,2808959576.106229,20468.47379401404,1283782.6763605606,1930742896.0372968
2035-12-01,87628.76796804895,5496076.32695603,4137994513.613207,42899.28851788307,2690643.375841626,2811650219.4820704,20288.81970330013,1272514.771790984,1932015410.8090878
2036-01-01,87061.98531368942,5460527.718874601,4143455041.3320813,42598.88459329035,2671802.0416911705,2814322021.5237617,20118.491555788754,1261831.7903790707,1933277242.5994668
2036-02-01,86562.20018399492,5429181.195540162,4148884222.5276213,42287.16688591653,2652251.1070846845,2816974272.6308465,19938.961166678553,1250571.6443740788,1934527814.243841
2036-03-01,86009.99072008766,5394546.617963898,4154278769.145585,42005.65338408894,2634594.5802500583,2819608867.211097,19789.849587224686,1241219.3661107323,1935769033.6099517
2036-04-01,85478.30069141039,5361199.019365259,4159639968.1649504,41690.68707458129,2614839.8933177385,2822223707.1044145,19611.89569300306,1230058.097865152,1936999091.7078168
2036-05-01,84935.92631324449,5327181.298366695,4164967149.463317,41401.499733953315,2596702.0633135517,2824820409.167728,19457.400916490493,1220368.1854822836,1938219459.893299
2036-06-01,84443.84489458833,5296317.95178858,4170263467.4151053,41116.88908021488,2578851.2831110773,2827399260.450839,19289.733814687737,1209852.104857215,1939429311.9981563
2036-07-01,83925.2193282225,5263789.756266115,4175527257.1713715,40830.79777404761,2560907.636388266,2829960168.0872273,19138.10571796689,1200341.9906308833,1940629653.9887872
2036-08-01,83377.5151667421,5229437.751258064,4180756694.9226294,40588.500068700785,2545710.724308913,2832505878.8115363,18981.678978436732,1190530.905527552,1941820184.8943148
2036-09-01,82945.43418153156,5202337.631865659,4185959032.554495,40284.39103902657,2526637.005967746,2835032515.817504,18840.785092971702,1181694.041031185,1943001878.935346
2036-10-01,82506.06804585557,5174780.587836062,4191133813.142331,40016.754872674544,2509850.8656141474,2837542366.683118,18698.480090124332,1172768.671252598,1944174647.6065984
2036-11-01,81974.05802890909,5141412.919573178,4196275226.0619044,39747.28410699906,2492949.659190981,2840035316.342309,18550.95885795444,1163516.1395709023,1945338163.7461693
2036-12-01,81511.26117280559,5112386.3007583665,4201387612.362663,39491.474693831995,2476905.2927971426,2842512221.635106,18414.30436228532,1154945.1696025352,1946493108.915772
2037-01-01,81000.7465233478,5080366.821944374,4206467979.184607,39216.07210146382,2459632.0422038105,2844971853.67731,18263.69678027871,1145499.0620590807,1947638607.9778311
2037-02-01,80542.74641618869,5051641.055223354,4211519620.2398305,38946.5000771578,2442724.484839337,2847414578.1621494,18129.491084505902,1137081.6808202101,1948775689.6586514
2037-03-01,80091.23640271401,5023322.347178223,4216542942.587009,38689.414437719395,2426600.0735337604,2849841178.235683,17992.18462844341,1128469.8198959706,1949904159.4785473
2037-04-01,79579.91077773925,4991252.003979806,4221534194.5909886,38447.006553488085,2411396.2510347725,2852252574.4867177,17858.92524449408,1120111.7913346686,1951024271.269882
2037-05-01,79234.17541033236,4969567.481736045,4226503762.072725,38242.59036422122,2398575.267643955,2854651149.7543616,17721.69658574945,1111504.8098582055,1952135776.0797403
2037-06-01,78712.3439836315,4936838.214653367,4231440600.2873783,37963.4270840992,2381066.146714702,2857032215.9010763,17599.99875106366,1103871.9216667127,1953239648.001407
2037-07-01,78235.37569986844,4906922.763895748,4236347523.051274,37753.141133957804,2367877.0119218333,2859400092.912998,17463.408946421572,1095305.009119561,1954334953.0105264
2037-08-01,77856.86121255378,4883182.335251373,4241230705.386525,37498.78382699247,2351923.7216289677,2861752016.6346273,17344.213450851727,1087829.0676374203,1955422782.0781639
2037-09-01,77454.50837590217,4857946.765336583,4246088652.1518617,37277.05521191274,2338016.902891167,2864090033.5375185,17204.043861356324,1079037.6309842686,1956501819.7091482
2037-10-01,76978.15326268722,4828069.772635742,4250916721.9244976,37036.134172855585,2322906.3353215023,2866412939.87284,17078.671491897865,1071174.275971834,1957572993.98512
2037-11-01,76644.2635031219,4807128.206915805,4255723850.1314135,36816.78049561082,2309148.4726847108,2868722088.345525,16964.528925846014,1064015.254229062,1958637009.2393491
2037-12-01,76246.07811704975,4782154.01950136,4260506004.1509147,36592.658141545224,2295091.5186377163,2871017179.8641624,16836.926442815977,1056012.026493418,1959693021.2658424
2038-01-01,75834.48856425239,4756339.12274991,4265262343.2736645,36382.7263877171,2281924.5990376165,2873299104.4632,16718.14009951828,1048561.7470417866,1960741583.0128841
2038-02-01,75430.40935100614,4730995.274495104,4269993338.5481596,36174.6395811855,2268873.3945319545,2875567977.857732,16612.79626698023,1041954.581865,1961783537.5947492
2038-03-01,75047.58192008661,4706984.338027832,4274700322.8861876,35964.54313125627,2255696.1451923936,2877823674.0029244,16501.813348238295,1034993.7332015058,1962818531.3279507
2038-04-01,74660.02103293625,4682676.519185761,4279382999.405373,35737.38607293514,2241448.854494492,2880065122.857419,16380.662134164248,1027395.1290547816,1963845926.4570055
2038-05-01,74293.3997166736,4659682.030229768,4284042681.4356027,35520.132527004724,2227822.712093736,2882292945.569513,16268.29395633248,1020347.3969411731,1964866273.8539467
2038-06-01,73852.06144305333,4632001.293708305,4288674682.729311,35311.17483383223,2214716.885577957,2884507662.455091,16157.030798145826,1013368.9716597062,1965879642.8256063
2038-07-01,73464.7068541475,4607706.413892131,4293282389.1432033,35107.880768748306,2201966.2818158935,2886709628.736907,16050.161273119315,1006666.1150500434,1966886308.9406564
2038-08-01,73116.5147756704,4585867.806730047,4297868256.949933,34887.4502078128,2188140.8770340187,2888897769.613941,15937.587005653355,999605.4569945784,1967885914.397651
2038-09-01,72749.05500915968,4562820.730174495,4302431077.680107,34715.951522708565,2177384.479504281,2891075154.0934453,15826.6648554237,992648.4197321745,1968878562.817383
2038-10-01,72313.17817892939,4535482.5353824515,4306966560.215489,34497.26456198264,2163668.4333275515,2893238822.526773,15723.502288362715,986178.0635261094,1969864740.8809092
2038-11-01,72013.36327903766,4516678.144861242,4311483238.360351,34306.93940905279,2151731.239735791,2895390553.7665086,15628.543952777232,980222.276718188,1970844963.1576273
2038-12-01,71621.38476528929,4492093.252478944,4315975331.612829,34108.08400232906,2139259.0286260783,2897529812.7951345,15529.716852954894,974023.841017331,1971818986.9986446
2039-01-01,71314.5454828799,4472848.292686227,4320448179.905516,33914.64382523222,2127126.4607185647,2899656939.255853,15429.011650513716,967707.6107202203,1972786694.6093647
2039-02-01,70927.1931363861,4448553.553514136,4324896733.45903,33734.28100211561,2115814.104452691,2901772753.360306,15320.533262484947,960903.8462230559,1973747598.4555879
2039-03-01,70645.16053268759,4430864.468610166,4329327597.92764,33550.374949428166,2104279.5168281347,2903877032.877134,15226.262146275885,954991.1618144235,1974702589.6174023
2039-04-01,70261.2406129805,4406785.011246137,4333734382.938886,33351.91618974096,2091832.1834205529,2905968865.0605545,15124.32426118703,948597.6176616505,1975651187.235064
2039-05-01,69982.81377696703,4389322.080091372,4338123705.018977,33161.63475552841,2079897.7318667418,2908048762.7924213,15026.972797835246,942491.7338802266,1976593678.9689443
2039-06-01,69688.10420880264,4370837.895976102,4342494542.914953,32994.94376212543,2069442.872760507,2910118205.6651816,14937.213436487553,936862.0267364993,1977530540.9956808
2039-07-01,69328.59501470385,4348289.479322226,4346842832.394276,32814.137377174215,2058102.6962963666,2912176308.361478,14837.8044222426,930627.0933630558,1978461168.0890439
2039-08-01,68993.85463755755,4327294.56286761,4351170126.957143,32647.904504301,2047676.5705097588,2914223984.931988,14740.22470576674,924506.8935456899,1979385674.9825895
2039-09-01,68664.83595850556,4306658.511317468,4355476785.46846,32469.51756541443,2036488.141702793,2916260473.0736904,14658.19308493456,919361.8702870957,1980305036.8528767
2039-10-01,68329.11199039948,4285601.904037856,4359762387.372498,32300.10045131555,2025862.300306511,2918286335.3739967,14568.341911823498,913726.4047095698,1981218763.2575862
2039-11-01,68062.29972191101,4268867.438558258,4364031254.811056,32125.077292215923,2014884.8477677826,2920301220.2217646,14486.825402232493,908613.6892280219,1982127376.9468143
2039-12-01,67688.13699583137,4245399.952378544,4368276654.763434,31963.465832466263,2004748.577012284,2922305968.7987766,14395.861660668343,902908.4433571184,1983030285.3901715
2040-01-01,67427.2142909766,4229034.880330052,4372505689.6437645,31794.49382628912,1994150.6527848535,2924300119.4515615,14312.606569099855,897686.6840139428,1983927972.0741854
2040-02-01,67126.5754601378,4210178.812859843,4376715868.456624,31648.468689586723,1984991.9562108794,2926285111.4077725,14235.019731068196,892820.4375325972,1984820792.511718
2040-03-01,66874.04960130955,4194340.390994135,4380910208.847618,31479.19269619364,1974374.9659052652,2928259486.3736777,14140.648935965819,886901.5012637761,1985707694.012982
2040-04-01,66541.70686209637,4173495.854390684,4385083704.702009,31302.72893030371,1963307.1585086486,2930222793.5321865,14051.996535973047,881341.2227362294,1986589035.235718
2040-05-01,66227.12432578958,4153765.2377135227,4389237469.939723,31163.105190914946,1954549.9575741854,2932177343.489761,13976.726177362109,876620.2658441514,1987465655.501562
2040-06-01,65936.37014772161,4135529.135665099,4393372999.075388,30989.174462032533,1943641.0222586805,2934120984.5120196,13898.25286525367,871698.4197087102,1988337353.9212708
2040-07-01,65651.39185818983,4117655.297345666,4397490654.372734,30829.73642856832,1933641.0687998051,2936054625.5808196,13823.56625019529,867014.0752122486,1989204367.996483
2040-08-01,65351.837203161565,4098867.2293822933,4401589521.602117,30678.986832726758,1924186.0541486223,2937978811.6349683,13749.756872723448,862384.7510572147,1990066752.7475402
2040-09-01,65131.69148940139,4085059.690215255,4405674581.292332,30541.096784754736,1915537.590339817,2939894349.225308,13664.619988973125,857044.9657083944,1990923797.7132487
2040-10-01,64837.836686825736,4066629.11699771,4409741210.409329,30377.74246324503,1905292.0072947284,2941799641.2326026,13590.069879005408,852369.1828112192,1991776166.89606
2040-11-01,64475.06460518028,4043876.0520369075,4413785086.461367,30241.132988203804,1896723.8610201427,2943696365.0936227,13518.358983600358,847871.4754514144,1992624038.3715115
2040-12-01,64244.57242533897,4029419.58251726,4417814506.043884,30091.94177262468,1887366.5879790199,2945583731.6816015,13441.503513228123,843051.1003496678,1993467089.4718611
2041-01-01,64031.17885918398,4016035.538048019,4421830541.581932,29942.077345595968,1877967.091115779,2947461698.7727175,13370.618301695236,838605.1798823252,1994305694.6517434
2041-02-01,63735.808776178375,3997509.9264419074,4425828051.508374,29799.4367234553,1869020.6712951164,2949330719.4440126,13298.73956700885,834096.9456427951,1995139791.5973861
2041-03-01,63445.85516769431,3979324.036117787,4429807375.544492,29653.406529413496,1859861.6575248144,2951190581.101537,13228.468202073384,829689.5256340426,1995969481.1230202
2041-04-01,63231.022289864915,3965849.7180203274,4433773225.262512,29515.004886014354,1851181.1064508203,2953041762.2079883,13141.039321792918,824205.9862628517,1996793687.109283
2041-05-01,63020.29690079654,3952633.021617959,4437725858.28413,29379.29684597191,1842669.498179358,2954884431.7061677,13074.771862908125,820049.6912415975,1997613736.8005245
2041-06-01,62717.06273365239,3933614.174654678,4441659472.458785,29248.497998616203,1834465.7944732083,2956718897.500641,13001.424089792996,815449.3189118167,1998429186.1194363
2041-07-01,62466.813935210135,3917918.5700163795,4445577391.028801,29094.227280218493,1824789.9350153038,2958543687.435656,12936.866607617489,811400.2736297689,1999240586.393066
2041-08-01,62145.556624451856,3897769.31148562,4449475160.340286,28955.803970108413,1816108.0250051997,2960359795.4606614,12871.082241496977,807274.2781866904,2000047860.6712527
2041-09-01,61925.15724632163,3883945.8624892924,4453359106.202776,28834.437011093407,1808495.8893357785,2962168291.349997,12796.472990006758,802594.7859332238,2000850455.457186
2041-10-01,61697.21177087605,3869649.122269346,4457228755.325046,28698.240590107893,1799953.649811567,2963968244.999809,12731.531289527302,798521.6424791523,2001648977.0996652
2041-11-01,61419.69334472202,3852243.1665809653,4461080998.491627,28576.140656360785,1792295.5419669484,2965760540.5417757,12656.318128429188,793804.2730150786,2002442781.3726802
2041-12-01,61199.42422713568,3838427.8875259496,4464919426.379152,28447.037623503307,1784198.1997461275,2967544738.741522,12594.77713349457,789944.4218127794,2003232725.794493
2042-01-01,61004.53206096462,3826204.250863701,4468745630.630016,28307.65714415098,1775456.2560811494,2969320194.997603,12534.21376411332,786145.8872851874,2004018871.6817782
2042-02-01,60708.24587899861,3807621.1815307927,4472553251.811547,28171.610761140306,1766923.42693872,2971087118.4245415,12468.243297987887,782008.2196498002,2004800879.901428
2042-03-01,60447.176887218535,3791246.9343663463,4476344498.7459135,28047.269561241148,1759124.7468810447,2972846243.1714225,12397.823768170761,777591.5067396702,2005578471.4081676
2042-04-01,60221.42305983316,3777087.654312736,4480121586.400227,27909.826865325693,1750504.3409932274,2974596747.512416,12340.67854131985,774007.358111581,2006352478.7662792
2042-05-01,60000.90774635732,3763256.933851531,4483884843.334078,27769.89039718537,1741727.5257114663,2976338475.0381274,12273.040231250548,769765.0833040344,2007122243.8495831
2042-06-01,59697.86406006379,3744250.0338472007,4487629093.367925,27652.093144487673,1734339.2820222669,2978072814.32015,12213.292612476002,766017.7126544948,2007888261.5622377
2042-07-01,59527.750382891136,3733580.504014932,4491362673.87194,27543.910200123457,1727554.047751743,2979800368.367902,12153.549274279647,762270.6104828195,2008650532.1727207
2042-08-01,59279.17086980555,3717989.596954204,4495080663.468894,27411.344316640603,1719239.5155396985,2981519607.8834414,12087.082960809474,758101.8433019702,2009408634.0160227
2042-09-01,59140.74163631128,3709307.3154294435,4498789970.784324,27301.28240606301,1712336.432508272,2983231944.31595,12030.216575219301,754535.1835977546,2010163169.1996205
2042-10-01,58863.00554658989,3691887.707882118,4502481858.492206,27186.600999349386,1705143.6146791936,2984937087.9306293,11966.509621153804,750539.4834387666,2010913708.6830592
2042-11-01,58645.614137924655,3678252.9187306343,4506160111.410936,27075.368020506972,1698167.0822461972,2986635255.0128756,11903.415700062124,746582.2327078964,2011660290.9157672
2042-12-01,58393.729303680455,3662454.701926838,4509822566.112864,26961.85435117574,1691047.5049057426,2988326302.5177813,11850.671043601751,743274.0878547018,2012403565.0036218
2043-01-01,58183.76900942901,3649285.9922713875,4513471852.105135,26848.68897735659,1683949.7726598051,2990010252.290441,11792.19719173413,739606.6078655646,2013143171.6114874
2043-02-01,57975.58353807708,3636228.5995081943,4517108080.704643,26743.487006815645,1677351.5050674772,2991687603.7955084,11735.581074198168,736055.644973709,2013879227.2564611
2043-03-01,57784.71363488977,3624257.2391802864,4520732337.943824,26621.643945352775,1669709.508252526,2993357313.303761,11673.41574544635,732156.635554395,2014611383.8920155
2043-04-01,57552.19541005763,3609673.696118815,4524342011.639942,26518.209255184272,1663222.0844851576,2995020535.388246,11622.255768863735,728947.8818231334,2015340331.7738385
2043-05-01,57386.53677194248,3599283.5863362323,4527941295.226278,26392.43266009614,1655333.3764412298,2996675868.764687,11560.013249014379,725044.0309781819,2016065375.8048167
2043-06-01,57195.572606480186,3587306.313878437,4531528601.540156,26275.25763925147,1647984.1591338522,2998323852.923821,11502.15121618048,721414.9242788397,2016786790.7290955
2043-07-01,56951.171869292026,3571977.499641996,4535100579.039799,26159.288255955213,1640710.5594135108,2999964563.4832344,11456.995329490965,718582.7470656732,2017505373.4761612
2043-08-01,56722.64988720618,3557644.6009255713,4538658223.640724,26047.78408290199,1633717.0176796129,3001598280.500914,11391.726405267213,714489.0801383596,2018219862.5562997
2043-09-01,56537.05579630122,3546004.1395440125,4542204227.780269,25938.14333511696,1626840.349978536,3003225120.8508925,11339.944619378333,711241.326527409,2018931103.882827
2043-10-01,56303.44224428474,3531351.897561539,4545735579.67783,25840.91185945195,1620741.9918248262,3004845862.842717,11288.128976536196,707991.4494083502,2019639095.3322353
2043-11-01,56106.367057816715,3518991.341866264,4549254571.019696,25724.199480238745,1613421.7914005741,3006459284.6341176,11229.842588439984,704335.7271469558,2020343431.0593822
2043-12-01,55926.958541990636,3507738.8397536525,4552762309.85945,25633.08933469637,1607707.3630721564,3008066991.9971895,11183.735677558392,701443.9016964623,2021044874.9610786
2044-01-01,55741.89867562896,3496131.8849354484,4556258441.744386,25537.241177256477,1601695.7666375262,3009668687.763827,11129.48065720778,698041.026820072,2021742915.9878988
2044-02-01,55531.034520859874,3482906.485148331,4559741348.229534,25442.59586169936,1595759.6124457838,3011264447.3762727,11084.245278179516,695203.8638474193,2022438119.8517463
2044-03-01,55283.37041702989,3467372.9925561147,4563208721.222091,25332.238521756084,1588838.0000845415,3012853285.376357,11025.108952505945,691494.8335011728,2023129614.6852474
2044-04-01,55171.57938246309,3460361.458868085,4566669082.680959,25238.43145708502,1582954.4209883723,3014436239.7973456,10975.211777817241,688365.2827046973,2023817979.967952
2044-05-01,54961.857054096065,3447207.674432905,4570116290.3553915,25127.6077065008,1576003.5553517302,3016012243.3526974,10917.665584768063,684755.9854766529,2024502735.9534287
2044-06-01,54758.26451878186,3434438.3506179983,4573550728.70601,25020.385640492314,1569278.5873716779,3017581521.940069,10874.665187407585,682059.0005542038,2025184794.9539828
2044-07-01,54585.32675617432,3423591.6941472534,4576974320.400157,24921.52620906826,1563078.123832761,3019144600.063902,10819.71376815458,678612.4475386551,2025863407.4015214
2044-08-01,54394.21003945538,3411604.8536746413,4580385925.253832,24825.18890891154,1557035.8483669318,3020701635.9122686,10768.899317637939,675425.3652022515,2026538832.7667236
2044-09-01,54180.21178250359,3398182.8829986253,4583784108.13683,24728.17596889569,1550951.1967691379,3022252587.109038,10725.66358128819,672713.6198183952,2027211546.386542
2044-10-01,54083.994086430306,3392148.109100909,4587176256.245932,24619.512389547795,1544135.8170724376,3023796722.9261103,10679.634554538245,669826.6792606387,2027881373.0658028
2044-11-01,53823.318936272466,3375798.5636830092,4590552054.809614,24508.09626691723,1537147.7978610487,3025333870.7239714,10628.379128189767,666611.9389200622,2028547985.0047228
2044-12-01,53665.129684886495,3365876.933836081,4593917931.74345,24422.365819881794,1531770.784222986,3026865641.5081944,10581.99106756903,663702.4797579296,2029211687.4844809
2045-01-01,53496.82145676176,3355320.6417680974,4597273252.385219,24340.350799617627,1526626.8021520176,3028392268.3103466,10535.72045604055,660800.3870028632,2029872487.8714838
2045-02-01,53283.08831601745,3341915.2991806143,4600615167.6844,24252.7048462278,1521129.6479554076,3029913397.958302,10486.422179273635,657708.3990840424,2030530196.270568
2045-03-01,53136.290254641004,3332708.1247710837,4603947875.809171,24155.11548056189,1515008.8429408418,3031428406.801243,10448.283866052312,655316.364078801,2031185512.6346467
2045-04-01,52882.39016575139,3316783.5111959274,4607264659.320367,24065.900443137612,1509413.275793591,3032937820.0770364,10394.765814562197,651959.711889341,2031837472.346536
2045-05-01,52760.76002854825,3309154.868990546,4610573814.189358,23978.834482750786,1503952.4987581293,3034441772.5757947,10355.080324585997,649470.6379580337,2032486942.984494
2045-06-01,52596.11287159183,3298828.1993062394,4613872642.388664,23907.143362252067,1499456.0316804496,3035941228.6074753,10297.682409689272,645870.6407357112,2033132813.6252296
2045-07-01,52408.882075983274,3287085.083805671,4617159727.47247,23800.68613011015,1492779.0340805086,3037434007.641556,10261.395009390686,643594.6949889838,2033776408.3202186
2045-08-01,52242.97572639232,3276679.437559326,4620436406.910029,23705.158601134528,1486787.5474631577,3038920795.1890187,10214.131810539955,640630.347157066,2034417038.6673756
2045-09-01,52032.773996117285,3263495.585036476,4623699902.495066,23624.80292504714,1481747.6394589567,3040402542.828478,10174.244039062827,638128.5861300206,2035055167.2535055
2045-10-01,51912.677174814584,3255963.1124043707,4626955865.6074705,23539.782240900826,1476415.1421492998,3041878957.9706273,10129.178560794582,635302.0793330362,2035690469.3328385
2045-11-01,51790.317986463146,3248288.7441109684,4630204154.351582,23457.433078191592,1471250.2026641767,3043350208.1732917,10080.414320304384,632243.5861694909,2036322712.919008
2045-12-01,51549.662407273434,3233194.82618419,4633437349.177766,23360.71361403687,1465183.9578723926,3044815392.131164,10048.750966338379,630257.6606087431,2036952970.5796168
2046-01-01,51390.6118209525,3223219.173410141,4636660568.351176,23277.06130897157,1459937.2852986967,3046275329.416463,10001.614503775818,627301.2616768193,2037580271.8412936
2046-02-01,51222.49399604598,3212674.823432004,4639873243.174608,23202.36780402433,1455252.508668406,3047730581.9251313,9960.600271037803,624728.848999491,2038205000.690293
2046-03-01,51044.216677446755,3201493.2700094604,4643074736.444617,23113.36099254406,1449670.0014523636,3049180251.926584,9910.898985712634,621611.5843838964,2038826612.274677
2046-04-01,50927.333225896946,3194162.3399282563,4646268898.784546,23036.287416255294,1444835.946747532,3050625087.873331,9873.948543500337,619294.0526483412,2039445906.3273253
2046-05-01,50814.49375995688,3187085.0486244955,4649455983.83317,22954.912929875736,1439732.1389618062,3052064820.012293,9829.871157587051,616529.5190038598,2040062435.8463292
2046-06-01,50620.74517226095,3174933.1372042065,4652630916.970374,22873.40308309103,1434619.8413714694,3053499439.8536644,9796.974051045238,614466.2124815573,2040676902.0588107
2046-07-01,50396.26294594157,3160853.611969455,4655791770.582343,22789.726203883016,1429371.6275075427,3054928811.481172,9749.168348289822,611467.8388047377,2041288369.8976154
2046-08-01,50294.09904870908,3154445.8923350335,4658946216.474678,22694.283331105897,1423385.4505269618,3056352196.9316993,9707.162834677714,608833.2529909862,2041897203.1506064
2046-09-01,50191.52983059317,3148012.7509748037,4662094229.225653,22617.776429132482,1418586.9376351892,3057770783.8693347,9675.28764338706,606834.0409932365,2042504037.1915996
2046-10-01,49992.97927766113,3135559.660294906,4665229788.885947,22553.290047967377,1414542.351808514,3059185326.2211432,9632.764418973416,604166.9843580127,2043108204.1759577
2046-11-01,49859.31614461453,3127176.3085902235,4668356965.194537,22485.257487525934,1410275.3496176265,3060595601.5707607,9594.462984642221,601764.71839676,2043709968.8943543
2046-12-01,49676.39943689597,3115703.772682115,4671472668.967219,22391.36764993171,1404386.5790037168,3061999988.1497645,9557.546802560375,599449.3354565867,2044309418.229811
2047-01-01,49586.590048319835,3110070.92783062,4674582739.89505,22314.357571941317,1399556.5069121593,3063399544.656677,9522.009911095465,597220.4616239076,2044906638.6914349
2047-02-01,49390.82063374365,3097792.2701484016,4677680532.165198,22238.815757473007,1394818.5243087069,3064794363.1809855,9477.35056476808,594419.4274222539,2045501058.1188571
2047-03-01,49226.3490629282,3087476.6132268566,4680768008.778425,22149.94721079782,1389244.6890612394,3066183607.8700466,9440.703696032067,592120.9358151313,2046093179.0546722
2047-04-01,49065.463677510255,3077385.881853443,4683845394.660278,22079.520483011634,1384827.5246944898,3067568435.394741,9405.47915371195,589911.6525208135,2046683090.7071931
2047-05-01,48934.70098169528,3069184.445571928,4686914579.10585,22009.70008018406,1380448.389029144,3068948883.78377,9365.903123642465,587429.4439148554,2047270520.151108
2047-06-01,48812.675151516,3061530.9855030836,4689976110.091353,21939.183622550012,1376025.5968063367,3070324909.3805766,9333.243523151572,585381.0337720666,2047855901.18488
2047-07-01,48626.092825861466,3049828.542038031,4693025938.633391,21861.116463276143,1371129.2245766798,3071696038.605153,9293.090085645399,582862.6101716794,2048438763.7950518
2047-08-01,48525.53793764201,3043521.739448907,4696069460.37284,21775.57431345411,1365764.0209398419,3073061802.626093,9251.015029112428,580223.6626259314,2049018987.4576778
2047-09-01,48343.44396674728,3032100.80559439,4699101561.178434,21703.70359525036,1361256.2894941026,3074423058.915587,9214.818508908036,577953.416878712,2049596940.8745565
2047-10-01,48249.95219890065,3026237.001915049,4702127798.180349,21646.065111711123,1357641.2038065216,3075780700.1193933,9178.69850529341,575687.9702520027,2050172628.8448086
2047-11-01,48095.40382205148,3016543.7277190685,4705144341.908069,21589.594154217375,1354099.3453525137,3077134799.464746,9136.82691917655,573061.7843707532,2050745690.6291792
2047-12-01,47990.174895768185,3009943.7694625803,4708154285.677531,21518.25073521631,1349624.6861127669,3078484424.150859,9105.518110019824,571098.0958604433,2051316788.7250397
2048-01-01,47802.03814633537,2998143.8325381544,4711152429.51007,21434.214856804836,1344353.9558187993,3079828778.1066775,9069.746547380933,568854.5034517321,2051885643.2284915
2048-02-01,47646.18121653853,2988368.4859012966,4714140797.995971,21367.82311992306,1340189.8660815745,3081168967.9727592,9037.951982728493,566860.3483567311,2052452503.5768483
2048-03-01,47515.78425245919,2980189.9883142402,4717120987.984285,21291.638820708187,1335411.5868348174,3082504379.559594,9002.974525676258,564666.5622504149,2053017170.1390986
2048-04-01,47428.28879447422,2974702.2731894227,4720095690.257475,21218.922637768304,1330850.827840828,3083835230.387435,8978.108649917054,563106.9745227976,2053580277.1136215
2048-05-01,47283.815077221916,2965640.8816433586,4723061331.139118,21144.580368567284,1326188.08071654,3085161418.4681516,8945.775704321233,561079.0521750278,2054141356.1657965
2048-06-01,47162.92480774187,2958058.64394157,4726019389.78306,21067.657003398843,1321363.4472531753,3086482781.915405,8910.215475204877,558848.7146048499,2054700204.8804014
2048-07-01,47065.75710839959,2951964.2858388224,4728971354.068899,21012.040479059324,1317875.1788466007,3087800657.0942516,8872.839255715448,556504.4781184728,2055256709.3585198
2048-08-01,46919.70516220663,2942803.9077735995,4731914157.976673,20942.730696665072,1313528.0692948333,3089114185.1635466,8841.725533138604,554553.0254384532,2055811262.3839583
2048-09-01,46756.27979062376,2932553.8684679223,4734846711.845141,20865.510804800488,1308684.8376770865,3090422870.0012236,8804.478721756997,552216.9054285989,2056363479.289387
2048-10-01,46631.70517005536,2924740.548265872,4737771452.393407,20800.08058398003,1304581.0542272276,3091727451.055451,8772.255712672317,550195.8782988077,2056913675.1676857
2048-11-01,46479.65655153387,2915204.0589122046,4740686656.452319,20735.73612128397,1300545.3695269306,3093027996.424978,8739.850884602845,548163.4474822904,2057461838.615168
2048-12-01,46364.099668707975,2907956.331221364,4743594612.783541,20695.54272346064,1298024.4396154513,3094326020.864593,8708.31277213768,546185.3770684754,2058008023.9922366
2049-01-01,46242.09496492136,2900304.1961998674,4746494916.97974,20616.486128530574,1293066.0099814376,3095619086.8745747,8677.485966306365,544251.9198067352,2058552275.9120433
2049-02-01,46126.002857293366,2893022.8992094398,4749387939.878949,20556.178618107522,1289283.5229277038,3096908370.3975024,8650.773521985926,542576.5152989572,2059094852.4273422
2049-03-01,45962.36703009946,2882759.660127838,4752270699.539077,20492.765877337733,1285306.2758266225,3098193676.673329,8613.980436152235,540268.8529554681,2059635121.2802978
2049-04-01,45802.544176913645,2872735.570776024,4755143435.109853,20428.588587325503,1281281.0761970556,3099474957.749526,8580.437268670566,538165.025491018,2060173286.3057888
2049-05-01,45697.37151531579,2866139.141440606,4758009574.251293,20347.01289288798,1276164.648641934,3100751122.398168,8554.278480456298,536524.346294219,2060709810.652083
2049-06-01,45630.85982876248,2861967.5284599825,4760871541.779753,20287.527700845796,1272433.7373970484,3102023556.1355653,8520.817784336046,534425.6914335568,2061244236.3435166
2049-07-01,45494.866212893525,2853438.0088726818,4763724979.788626,20220.338414802096,1268219.6253763875,3103291775.7609415,8494.597581190857,532781.1602922906,2061777017.503809
2049-08-01,45335.37187291963,2843434.5238695196,4766568414.312495,20159.961118358147,1264432.761343423,3104556208.522285,8455.635543135646,530337.4612654677,2062307354.9650745
2049-09-01,45278.91143518481,2839893.325214791,4769408307.63771,20099.288703276565,1260627.3874695061,3105816835.9097543,8429.431660984748,528693.9537769634,2062836048.9188516
2049-10-01,45146.86301209928,2831611.2481188667,4772239918.885828,20046.67182837052,1257327.257075399,3107074163.1668296,8396.257050330341,526613.242196719,2063362662.1610484
2049-11-01,45028.61251790803,2824194.5771231917,4775064113.462952,19970.932925246976,1252576.9130714904,3108326740.079901,8369.111904887606,524910.6986745506,2063887572.8597229
2049-12-01,44892.168608051405,2815636.815096984,4777879750.2780485,19913.20207223182,1248956.0339703797,3109575696.1138716,8342.155132296986,523219.96989766695,2064410792.8296206
2050-01-01,44783.84097866706,2808842.506181998,4780688592.78423,19862.891314493136,1245800.5432450094,3110821496.6571164,8306.846550439663,521005.41564357566,2064931798.2452643
2050-02-01,44663.60002064405,2801300.993294795,4783489893.777525,19794.30560544371,1241498.8475734296,3112062995.5046897,8281.086038549176,519389.71633780433,2065451187.9616022
2050-03-01,44570.802694894825,2795480.7450238033,4786285374.522549,19740.89367560892,1238148.8513341914,3113301144.356024,8249.420386039594,517403.64661240333,2065968591.6082146
2050-04-01,44453.784078792014,2788141.337421835,4789073515.85997,19693.609577371637,1235183.192692749,3114536327.5487165,8221.237875673269,515636.0395622274,2066484227.6477768
2050-05-01,44350.58174682779,2781668.487161039,4791855184.347131,19626.807168095955,1230993.3455829783,3115767320.8942995,8190.823990935758,513728.48071149073,2066997956.1284883
2050-06-01,44187.80723971693,2771459.270075046,4794626643.617206,19571.784039613944,1227542.2949645866,3116994863.1892643,8158.703006139414,511713.85254506406,2067509669.9810333
2050-07-01,44086.967672118015,2765134.612395242,4797391778.229601,19508.31298975746,1223561.390717588,3118218424.579982,8132.879424587188,510094.1975101084,2068019764.1785433
2050-08-01,43934.031090450786,2755542.4299930735,4800147320.659594,19464.195358902667,1220794.3329103752,3119439218.9128923,8108.655529432368,508574.8748059981,2068528339.0533493
2050-09-01,43838.19419509541,2749531.5399163845,4802896852.19951,19403.108337972375,1216962.9549576272,3120656181.86785,8081.839011393778,506892.94279461773,2069035231.9961438
2050-10-01,43676.42689126065,2739385.4946198678,4805636237.69413,19345.210503967504,1213331.6028088417,3121869513.470659,8054.515779360335,505179.2296814802,2069540411.2258253
2050-11-01,43608.74135631707,2735140.2578682066,4808371377.951998,19298.982847611598,1210432.2042021994,3123079945.674861,8022.083209593795,503145.0589057228,2070043556.2847311
2050-12-01,43530.14533821697,2730210.7156129684,4811101588.667611,19229.364521775915,1206065.7428057853,3124286011.417667,7993.254472471526,501336.92051341414,2070544893.2052445
2051-01-01,43427.24819522571,2723757.006804556,4813825345.674416,19168.760525504636,1202264.6601596507,3125488276.0778265,7967.3399100325305,499711.5591572403,2071044604.7644017
2051-02-01,43259.01794214776,2713205.6053315075,4816538551.279747,19117.898273351977,1199074.579704636,3126687350.6575313,7938.327705043388,497891.91366032127,2071542496.678062
2051-03-01,43173.13435280182,2707818.98660773,4819246370.266355,19070.577464267517,1196106.6185588588,3127883457.27609,7917.980289731618,496615.72377196705,2072039112.401834
2051-04-01,43108.90651459181,2703790.616595198,4821950160.88295,19015.905076862146,1192677.5664207938,3129076134.842511,7896.841799594103,495289.9176705421,2072534402.3195045
2051-05-01,42973.42274076976,2695293.0743010794,4824645453.957251,18954.308897957988,1188814.254079925,3130264949.096591,7867.596388466042,493455.64548459015,2073027857.9649892
2051-06-01,42868.3630877316,2688703.732862526,4827334157.690113,18903.94404123676,1185655.3702663695,3131450604.4668574,7845.5059213545455,492070.1313873571,2073519928.0963767
2051-07-01,42742.27661232458,2680795.5891249976,4830014953.279238,18849.7038302981,1182253.4242362967,3132632857.8910937,7817.780472612482,490331.19124225486,2074010259.2876189
2051-08-01,42670.470319365624,2676291.898430612,4832691245.177669,18793.95192741338,1178756.6648873673,3133811614.555981,7793.113541598242,488784.0813290417,2074499043.368948
2051-09-01,42582.61981934052,2670781.9150690376,4835362027.092737,18751.05941387641,1176066.4464383284,3134987681.0024195,7768.737538016141,487255.21838437236,2074986298.5873322
2051-10-01,42461.62410070566,2663193.063596259,4838025220.156334,18683.60863856504,1171835.9338107994,3136159516.93623,7737.211612054528,485277.91230806,2075471576.4996402
2051-11-01,42354.08441455082,2656448.1744806278,4840681668.330814,18647.74244067171,1169586.4058789297,3137329103.342109,7714.54665309034,483856.36608182616,2075955432.865722
2051-12-01,42193.352783838745,2646367.086602366,4843328035.417417,18586.55783841179,1165748.9076251874,3138494852.2497344,7685.354403776897,482025.42820488696,2076437458.2939267
2052-01-01,42068.98059081893,2638566.462656163,4845966601.880073,18540.588787397115,1162865.7287455471,3139657717.97848,7665.986296625463,480810.660524349,2076918268.954451
2052-02-01,41999.31417196204,2634196.984865459,4848600798.864938,18486.5825894044,1159478.4600074438,3140817196.4384875,7640.791075432534,479230.41625112854,2077397499.3707023
2052-03-01,41875.61297742075,2626438.4459438296,4851227237.310882,18427.525862773953,1155774.4221131823,3141972970.860601,7611.38756484509,477386.22806708404,2077874885.5987694
2052-04-01,41778.95166884977,2620375.8486702573,4853847613.159552,18383.961478557492,1153042.063935126,3143126012.924536,7590.9697371029515,476105.6219110971,2078350991.2206805
2052-05-01,41639.50556761158,2611629.7892005984,4856459242.948752,18329.90005594405,1149651.3315088109,3144275664.256045,7563.150868482896,474360.82247124723,2078825352.0431516
2052-06-01,41569.43129831753,2607234.731030476,4859066477.679783,18283.170725626645,1146720.4679113033,3145422384.723956,7539.678212107345,472888.61746337265,2079298240.660615
2052-07-01,41467.9622110492,2600870.5898770057,4861667348.26966,18234.683658769824,1143679.3590780434,3146566064.083034,7516.279881957705,471421.07419638726,2079769661.7348113
2052-08-01,41400.565213157985,2596643.4501692685,4864263991.71983,18173.43280680684,1139837.7056429249,3147705901.7886767,7491.352489878603,469857.628165186,2080239519.3629766
2052-09-01,41320.64498340169,2591630.8533589537,4866855622.573189,18124.35149193507,1136759.3255741675,3148842661.114251,7473.5307343419745,468739.84765792865,2080708259.2106345
2052-10-01,41187.19336719177,2583260.767990268,4869438883.341179,18068.68819174262,1133268.1233860971,3149975929.237637,7443.9958327875165,466887.41863243305,2081175146.629267
2052-11-01,41118.91632866848,2578978.4321340867,4872017861.773313,18034.9454574308,1131151.7790900597,3151107081.016727,7421.426782590183,465471.8878040563,2081640618.517071
2052-12-01,41021.71005130618,2572881.6544179237,4874590743.427731,17985.428095208597,1128046.0501314832,3152235127.0668583,7398.809226167377,464053.3146652179,2082104671.8317363
2053-01-01,40890.19929207047,2564633.29959866,4877155376.727329,17924.938242869404,1124252.126592769,3153359379.193451,7376.440996965039,462650.3793296472,2082567322.211066
2053-02-01,40810.57284295367,2559639.128710054,4879715015.856039,17867.420013292893,1120644.5832337302,3154480023.7766848,7354.4984181909,461274.14078893326,2083028596.351855
2053-03-01,40698.26153624198,2552594.963553097,4882267610.819592,17834.353502798236,1118570.6516955053,3155598594.4283805,7331.889643025265,459856.11841054464,2083488452.4702656
2053-04-01,40646.41660951995,2549343.249749091,4884816954.069342,17785.931005762624,1115533.5926814317,3156714128.021062,7313.819758663478,458722.77526337333,2083947175.245529
2053-05-01,40552.66290270608,2543463.017257725,4887360417.086599,17738.97455851003,1112588.4843097492,3157826716.5053716,7291.320809285254,457311.6411583711,2084404486.8866873
2053-06-01,40449.214202297975,2536974.714768129,4889897391.801368,17690.474869113,1109546.5837907675,3158936263.0891623,7265.4607217545545,455689.69646844565,2084860176.5831556
2053-07-01,40314.409548252166,2528519.7668663757,4892425911.568234,17646.791062866734,1106806.7354630015,3160043069.8246255,7246.975357830368,454530.29444312066,2085314706.8775988
2053-08-01,40233.908372549144,2523470.733126282,4894949382.301361,17597.867026747583,1103738.2199176084,3161146808.0445433,7220.17741280819,452849.52733132965,2085767556.40493
2053-09-01,40164.55238407317,2519120.725529069,4897468503.02689,17556.73496249933,1101158.416847958,3162247966.4613914,7201.700204123766,451690.63680264255,2086219247.0417328
2053-10-01,40078.59682637877,2513729.592950477,4899982232.619841,17507.293872599173,1098057.47168942,3163346023.9330807,7175.238677753307,450030.9698686874,2086669278.0116014
2053-11-01,40004.515290466356,2509083.19901805,4902491315.818859,17468.561324772018,1095628.166289701,3164441652.0993705,7154.624727197818,448738.06288984715,2087118016.0744913
2053-12-01,39881.49905406436,2501367.620670917,4904992683.43953,17415.831632898484,1092320.9600153929,3165533973.059386,7128.873029048716,447122.9163819354,2087565138.990873
2054-01-01,39795.76722069212,2495990.5200818097,4907488673.959612,17371.183973888983,1089520.658842317,3166623493.718228,7112.065544510873,446068.750951722,2088011207.7418249
2054-02-01,39719.135990508374,2491184.209324685,4909979858.168937,17337.596436350603,1087414.0484879098,3167710907.766716,7088.648992514443,444600.0648105059,2088455807.8066354
2054-03-01,39633.413618583945,2485807.702157585,4912465665.871095,17292.03234155053,1084556.2684620493,3168795464.035178,7066.007156189876,443179.968836229,2088898987.7754717
2054-04-01,39526.05406363852,2479074.1108714077,4914944739.981966,17238.185863921033,1081179.0173851273,3169876643.052563,7045.425983346104,441889.1176754676,2089340876.8931472
2054-05-01,39471.991559525,2475683.3106134078,4917420423.29258,17193.62722221697,1078384.2993774482,3170955027.3519406,7028.164646420369,440806.4866234855,2089781683.3797708
2054-06-01,39389.785475453544,2470527.345020446,4919890950.6376,17155.41682117414,1075987.743024042,3172031015.0949645,7004.250162291449,439306.57017891965,2090220989.9499497
2054-07-01,39313.79761349304,2465761.3863182836,4922356712.023918,17118.147544006017,1073650.2139600574,3173104665.3089247,6983.56354648615,438009.1056356113,2090658999.0555854
2054-08-01,39200.1551737616,2458633.7324983277,4924815345.756416,17065.562036943116,1070352.0509570723,3174175017.359882,6965.1854460851255,436856.4311784591,2091095855.486764
2054-09-01,39106.10908374555,2452735.161732521,4927268080.918149,17034.92347079485,1068430.400088253,3175243447.75997,6949.6824301435345,435884.08201860246,2091531739.5687826
2054-10-01,39018.72418822907,2447254.3810857274,4929715335.299234,16979.799579675364,1064973.0296372387,3176308420.7896075,6924.388197161533,434297.62772597134,2091966037.1965086
2054-11-01,38909.8243092496,2440424.180676135,4932155759.479911,16939.249597862246,1062429.7347779202,3177370850.5243855,6908.146308316685,433278.93645762245,2092399316.1329663
2054-12-01,38849.424776054795,2436635.921954157,4934592395.401865,16892.83061573051,1059518.3362186174,3178430368.8606043,6884.857295508459,431818.24957429053,2092831134.3825405
